{
    "Table": [
        {
            "TimeStamp": "2017-10-19 12:44:06",
            "FormDate": "2017-10-19",
            "FormTime": "12:44:06",
            "PenUserDetails": "Ngemntu  Sebenzile Theophillus",
            "Geography": "EMAKHAZENI",
            "GPS": {"X":0, "Y":0},
            "PgcFormGUID": "CE09D68B-9E14-445E-87F8-A3DC1E001072",
            "GeographyID": "77",
            "ReferenceNumber": "200000015",
            "FirstStrokeTimeStamp": "2017-10-19 12:28:03",
            "LastStrokeTimeStamp": "2017-10-19 12:44:19",
            "damagedform": "0",
            "longitude": "25 4I 36 7",
            "latitude": "30 02 06 9",
            "gpscoordinates": "OTHER",
            "otherspecify1": "OFFICE",
            "generalinfo": "SMALLHOLDER",
            "surname1": "MTSHWENI",
            "name": "BANGANE JAMES",
            "contactnumber": "0822980971",
            "identitynumber": "5601085265080",
            "emailaddress": "NONE",
            "farmresidentialaddress1": "PORTION 3",
            "farmresidentialaddress2": "KLIPLAATDRIFT",
            "postalcode1": "4092",
            "farmresidentialaddress3": "STOFFBERG",
            "section2postaladdress1": "PLOFBOX 691",
            "section2postaladdress2": "SIYABUSWA",
            "pwds": "NO",
            "gender": "MALE",
            "demographicsage": "60 PLUS",
            "populationgroup": "BLACK AFRICAN",
            "language": "ISINDEBELE",
            "runningfarm": "FULL TIME",
            "farmregistered": "TRUSTS",
            "farmland": "PERMISSIONTOOCCUPY",
            "redistribution": "LRAD",
            "supportprogramme": "ADVICE",
            "nameoffarm": "KLIPLAATDRIFT",
            "farmsizetotal": "260",
            "arable": "0",
            "nonarable": "260",
            "provincefarm": "MPUMALANGA",
            "metrodistrict": "NKANGALA",
            "testGeography": "EMAKHAZENI",
            "localmunicipality": "EMAKHAZENI",
            "wardnumber": "02",
            "nearesttown": "STOFFBERG",
            "livestock_3": "1",
            "livestock_4": "1",
            "livestock_5": "0",
            "livestock_1": "1",
            "livestock_2": "0",
            "horticulture1": "1",
            "horticulture2": "0",
            "horticulture3": "0",
            "horticulture4": "0",
            "fieldcrops2": "0",
            "fieldcrops3": "0",
            "fieldcrops4": "0",
            "fieldcrops1": "1",
            "fieldcrops5": "0",
            "forestry1": "0",
            "forestry3": "0",
            "forestry2": "0",
            "forestry4": "0",
            "forestry5": "0",
            "forestry8": "0",
            "forestry6": "0",
            "forestry7": "0",
            "aquaculture1": "0",
            "aquaculture2": "1",
            "aquaculture3": "0",
            "aquaculture4": "0",
            "seafishing4": "0",
            "seafishing5": "0",
            "seafishing6": "0",
            "seafishing1": "0",
            "seafishing2": "0",
            "seafishing3": "0",
            "gamefarming1": "0",
            "gamefarming3": "0",
            "gamefarming4": "0",
            "gamefarming5": "0",
            "gamefarming2": "0",
            "gamefarming6": "0",
            "production1": "0",
            "production2": "1",
            "production3": "0",
            "packaging1": "1",
            "packaging2": "0",
            "approximate": "R200 000 TO LESS THAN R500 000",
            "fixedstructures7": "0",
            "fixedstructures1": "1",
            "fixedstructures2": "1",
            "fixedstructures3": "1",
            "fixedstructures5": "0",
            "fixedstructures6": "0",
            "machinery1": "1",
            "machinery2": "0",
            "machinery5": "0",
            "machinery3": "0",
            "machinery4": "0",
            "irrigationsystems5": "0",
            "irrigationsystems2": "0",
            "irrigationsystems3": "0",
            "irrigationsystems4": "0",
            "irrigationsystems6": "0",
            "irrigationsystems1": "0",
            "waterinfrastructure4": "1",
            "waterinfrastructure1": "1",
            "waterinfrastructure3": "0",
            "waterinfrastructure5": "0",
            "ua_implements5": "0",
            "ua_implements3": "0",
            "ua_implements4": "0",
            "implements6": "0",
            "ua_implements1": "1",
            "ua_implements2": "1",
            "section4other1": "0",
            "section4other2": "1",
            "section4other3": "0",
            "section4other4": "0",
            "diptank": "NO",
            "whichdoyouuse": "PRIVATE VETERINARIAN",
            "veterinaryservices": "YES",
            "comments": "THE FARMER IS DOING VERY WELL AND HE ALSO PARTICIPATES IN AGRICULTURAL ACTIVITIES",
            "personname": "NGEMNTU THEOPHILLUS",
            "positiontitle": "AGRIC ADVISOR",
            "personpostaladdress_1": "P. O. BOX 561",
            "personpostaladdress_2": "BELFAST",
            "postalcode3": "1100",
            "physicaladdress1": "32 ONEIL STREET",
            "physicaladdress2": "BELFAST",
            "postalcode4": "1100",
            "Telephone1": "0132531216",
            "mobilephone": "0823620855",
            "fax1": "0132536622",
            "emailadress2": "STNGEM NTÚ @ GMAI L.COM",
            "preferredcom": "EMAIL",
            "farmername": "BANGANE JAMES",
            "surname2": "MTSHWENI",
            "farmerdate": "19/10/2017",
            "signature": "1",
            "extensionofficername": "THEOPHILLUS",
            "surname3": "NGEMNTU",
            "mobilephone2": "0825620855",
            "telephone2": "0132531216",
            "emailaddress3": "STNGEMNTU@GMAIL.COM",
            "extensionofficerdate": "19/10/2017",
            "ExtensionSignature": "1"
        }
    ]
}