{
    "Table": [
        {
            "TimeStamp": "2020-02-21 09:51:57",
            "FormDate": "2020-02-21",
            "FormTime": "09:51:57",
            "PenUserDetails": "Zanele Dlamini",
            "PenUserEmail": "dhlaminizanele8@gmail.com",
            "Geography": "BUSHBUCKRIDGE NORTH",
            "GPS": {"X":-24.78958, "Y":31.07727},
            "PgcFormGUID": "C8E62226-6A7E-452F-A420-CCA990D8CD56",
            "GeographyID": "60",
            "ReferenceNumber": "230000277",
            "FirstStrokeTimeStamp": "2018-09-01 03:36:31",
            "LastStrokeTimeStamp": "2018-09-01 03:51:02",
            "DamagedForm": "0",
            "LatitudeHours": "11",
            "LatitudeMin": "11",
            "LatitudeSec": "24",
            "LatitudeDirection": "1",
            "LongitudeHours": "31",
            "LongitudeMin": "42",
            "LongitudeSec": "1",
            "LongitudeDirection": "2",
            "ProducerSurname": "KHOZA",
            "Names": "DICKSON MDIKIYA",
            "IdentityNumber": "6710025564087",
            "ContactNo": "0780161252",
            "Nationality": "SOUTH AFRICAN",
            "ResidentialAddress01": "STAND NO 306",
            "ResidentialAddress02": "ARTHURSTONE",
            "ResidentialAddressCode": "1280",
            "PostalAddress01": "P O BOX",
            "PostalAddress02": "927",
            "PostalAddress03": "BUSHBUCKRIDGE",
            "PostalAddressCode": "1280",
            "FarmingExperience": "YES",
            "FarmingExperienceYears": "20",
            "ProducerAgeGroups": "35 TO 60 YEARS",
            "ProducerGender": "MALE",
            "PopulationGroup": "AFRICAN",
            "Afrikaans": "0",
            "English": "0",
            "IsiNdebele": "0",
            "Sepedi": "0",
            "Setswana": "0",
            "Sesotho": "0",
            "SiSwati": "0",
            "Tshivenda": "0",
            "Xitsonga": "1",
            "IsiXhosa": "0",
            "IsiZulu": "0",
            "OtherLanguage": "0",
            "HighestLevelEducation": "HIGH SCHOOL",
            "FulltimeOrParttimeBasis": "FULL TIME",
            "OwnerOfTheFarm": "YES",
            "IndicateTheOwnership": "COMMUNITY",
            "FarmOrLandAcquired": "PERMISSION TO OCCUPY",
            "NoOfEmployeesTotal": "1",
            "NoOfEmployeesMales": "0",
            "NoOfEmployeesFemales": "1",
            "NoOfEmployeesYouth": "1",
            "NoOfEmployeesDisable": "0",
            "EmploymentTypeMaleP": "0",
            "EmploymentTypeFemaleP": "0",
            "EmploymentTypeFemaleS": "1",
            "EmploymentTypeMaleC": "0",
            "EmploymentTypeFemaleC": "0",
            "EmploymentTypeMaleS": "0",
            "EmploymentTypeYouthMaleP": "0",
            "EmploymentTypeYouthFemaleP": "0",
            "EmploymentTypeYouthMaleS": "0",
            "EmploymentTypeYouthFemaleS": "1",
            "EmploymentTypeYouthMaleC": "0",
            "EmploymentTypeYouthFemaleC": "0",
            "FarmName": "NONE",
            "PortionName": "NONE",
            "Province": "MPUMALANGA",
            "MetroDistrict": "EHLANZENI",
            "Region": "BUSHBUCKRIDGE",
            "DistrictMunicipality": "BUSHBUCKRIDGE NORTH",
            "WardNumber": "10",
            "TownOrVillage": "ARTHURSTONE",
            "ProjectLegalEntityName": "NONE",
            "SoleProprietor": "0",
            "Partnerships": "0",
            "CloseCorporation": "0",
            "PrivateCompany": "0",
            "PublicCompany": "0",
            "CoOperatives": "0",
            "Trusts": "0",
            "NotRegistered": "1",
            "Arable": "1",
            "TotalFarmSize": "1",
            "Grazing": "0",
            "NonArable": "0",
            "FieldCropsGrainha": "1",
            "TypeofMarketingChannel": "INFORMAL",
            "SortingAndGrading": "0",
            "Milling": "0",
            "Canning": "0",
            "Packaging": "0",
            "Grinding": "0",
            "Bottling": "0",
            "ColdStorage": "0",
            "Slaughtering": "0",
            "Extraction": "0",
            "SliceAndDice": "0",
            "PressingForOil": "0",
            "Mixing": "0",
            "Labelling": "0",
            "JuicingAndPurees": "0",
            "Flavouring": "0",
            "Pasteurising": "0",
            "SecondaryOthers": "0",
            "AdvancedOthers": "0",
            "PrimaryOthers": "0",
            "FixedStructuresFarmHouse": "0",
            "FixedStructuresStorageRooms": "0",
            "FixedStructuresPoultryHouses": "0",
            "FixedStructuresPigsty": "0",
            "FixedStructuresPackhouse": "0",
            "FixedStructuresFencing": "1",
            "FixedStructuresOther": "0",
            "IrrigationDripMicro": "0",
            "IrrigationSprinkler": "0",
            "IrrigationCentrePivots": "0",
            "IrrigationFurrow": "0",
            "IrrigationFlood": "0",
            "IrrigationOther": "1",
            "IrrigationOtherSpecify": "RELY ON RAINFALL",
            "WaterRiver": "0",
            "WaterDams": "0",
            "WaterCanal": "0",
            "WaterBoreholesWindmills": "0",
            "WaterOther": "0",
            "MachineryTractor": "0",
            "MachineryCombineHarvester": "0",
            "MachineryTruck": "0",
            "MachineryLightDelivery": "0",
            "MachineryOther": "0",
            "ImplementsEquipmentPlough": "0",
            "ImplementsEquipmentPlanter": "0",
            "ImplementsEquipmentTiller": "0",
            "ImplementsEquipmentGarden": "1",
            "ImplementsEquipmentTrailer": "0",
            "ImplementsEquipmentOther": "0",
            "OtherDipTank": "0",
            "OtherAccessRoad": "1",
            "OtherElectricity": "0",
            "OtherOther": "0",
            "DipTankElsewhere": "NO",
            "MAFISA": "0",
            "CASP": "0",
            "AgriBEEE": "0",
            "LandCare": "0",
            "RECAP": "0",
            "ILMA": "0",
            "OtherGovernmentSupport": "1",
            "GovernmentSupportSpecify": "DARDLEA",
            "ExtensionServices": "YES",
            "ExtensionServicesInUse": "STATE",
            "EarlyWarningInformation": "NO",
            "AgriculturalEconomicInfo": "NO",
            "Training": "NO",
            "ApproximateAnnualTurnover": "HOUSEHOLD VULNERABLE",
            "Telephone": "0",
            "MobilePhone": "0",
            "Fax": "0",
            "E-mail": "0",
            "FaceToFace": "1",
            "ProducerFarmerDate": "20/02/2020",
            "ProducerFarmerSignature": "1",
            "SurnameAndInitials": "DHLAMINI ZJ",
            "ExtensionOfficerEmail": "DHLAMINIZANELE8@GMAIL.COM",
            "TelephoneMobilePhoneNo": "0825678286",
            "ExtensionOfficerDate": "20/02/2020"
        }
    ]
}