{
    "Table": [
        {
            "TimeStamp": "2020-01-13 10:17:40",
            "FormDate": "2020-01-13",
            "FormTime": "10:17:40",
            "PenUserDetails": "Shongwe  Thamsanqa ",
            "Geography": "MKHONDO",
            "GPS": {"X":-27.16618, "Y":30.37272},
            "PgcFormGUID": "740808AC-392D-4462-886F-9E42FA9AD44E",
            "GeographyID": "68",
            "ReferenceNumber": "230000009",
            "FirstStrokeTimeStamp": "2020-01-13 10:20:53",
            "LastStrokeTimeStamp": "2020-01-13 10:31:39",
            "DamagedForm": "0",
            "ProducerSurname": "MAKHOMBOTHI",
            "Names": "VUSUMUZI JOHANNES",
            "IdentityNumber": "6105075616087",
            "ContactNo": "0761723111",
            "Nationality": "SOUTH AFRICAN",
            "ResidentialAddress01": "STERKFONTEIN FARM",
            "ResidentialAddressCode": "2380",
            "PostalAddress01": "POBOX 290",
            "PostalAddress02": "DIRKIESDORP",
            "PostalAddressCode": "2380",
            "ProducerAgeGroups": "35 TO 60 YEARS",
            "PopulationGroup": "AFRICAN",
            "Afrikaans": "0",
            "English": "0",
            "IsiNdebele": "0",
            "Sepedi": "0",
            "Setswana": "0",
            "Sesotho": "0",
            "SiSwati": "0",
            "Tshivenda": "0",
            "Xitsonga": "0",
            "IsiXhosa": "0",
            "IsiZulu": "1",
            "OtherLanguage": "0",
            "HighestLevelEducation": "NONE",
            "FulltimeOrParttimeBasis": "FULL TIME",
            "IndicateTheOwnership": "GOVERMENT",
            "FarmOrLandAcquired": "LEASE",
            "RedistributionProgramme": "LRAD",
            "FarmName": "STERKFONTEIN FARM",
            "PortionNumber": "1",
            "PortionName": "STERKFONTEIN",
            "Province": "MPUMALANGA",
            "MetroDistrict": "GERT SIBANDE",
            "Region": "PIET RETIEF",
            "DistrictMunicipality": "MKHONDO",
            "WardNumber": "3",
            "TownOrVillage": "MABOLA",
            "SoleProprietor": "0",
            "Partnerships": "0",
            "CloseCorporation": "0",
            "PrivateCompany": "0",
            "PublicCompany": "0",
            "CoOperatives": "0",
            "Trusts": "0",
            "NotRegistered": "1",
            "Arable": "40",
            "TotalFarmSize": "130",
            "Grazing": "80",
            "NonArable": "10",
            "LivestockGoat": "15",
            "LivestockCattle": "60",
            "FieldCropsGrainha": "10",
            "SortingAndGrading": "0",
            "Milling": "0",
            "Canning": "0",
            "Packaging": "0",
            "Grinding": "0",
            "Bottling": "0",
            "ColdStorage": "0",
            "Slaughtering": "0",
            "Extraction": "0",
            "SliceAndDice": "0",
            "PressingForOil": "0",
            "Mixing": "0",
            "Labelling": "0",
            "JuicingAndPurees": "0",
            "Flavouring": "0",
            "Pasteurising": "0",
            "SecondaryOthers": "0",
            "AdvancedOthers": "0",
            "PrimaryOthers": "0",
            "FixedStructuresFarmHouse": "0",
            "FixedStructuresStorageRooms": "0",
            "FixedStructuresPoultryHouses": "0",
            "FixedStructuresPigsty": "0",
            "FixedStructuresPackhouse": "0",
            "FixedStructuresFencing": "0",
            "FixedStructuresOther": "0",
            "IrrigationDripMicro": "0",
            "IrrigationSprinkler": "0",
            "IrrigationCentrePivots": "0",
            "IrrigationFurrow": "0",
            "IrrigationFlood": "0",
            "IrrigationOther": "0",
            "WaterRiver": "0",
            "WaterDams": "0",
            "WaterCanal": "0",
            "WaterBoreholesWindmills": "0",
            "WaterOther": "0",
            "MachineryTractor": "1",
            "MachineryCombineHarvester": "0",
            "MachineryTruck": "0",
            "MachineryLightDelivery": "0",
            "MachineryOther": "0",
            "ImplementsEquipmentPlough": "0",
            "ImplementsEquipmentPlanter": "1",
            "ImplementsEquipmentTiller": "0",
            "ImplementsEquipmentGarden": "0",
            "ImplementsEquipmentTrailer": "0",
            "ImplementsEquipmentOther": "0",
            "OtherDipTank": "0",
            "OtherAccessRoad": "0",
            "OtherElectricity": "0",
            "OtherOther": "0",
            "MAFISA": "0",
            "CASP": "0",
            "AgriBEEE": "0",
            "LandCare": "0",
            "RECAP": "0",
            "ILMA": "1",
            "OtherGovernmentSupport": "0",
            "ExtensionServices": "YES",
            "ExtensionServicesInUse": "STATE",
            "VeterinaryServices": "YES",
            "VeterinaryServicesInUse": "STATE",
            "ApproximateAnnualTurnover": "SMALLHOLDER ",
            "Telephone": "0",
            "MobilePhone": "1",
            "Fax": "0",
            "E-mail": "0",
            "FaceToFace": "0",
            "ProducerFarmerDate": "13/01/2020",
            "ProducerFarmerSignature": "1",
            "SurnameAndInitials": "SHONGWE TH",
            "TelephoneMobilePhoneNo": "0664849313",
            "ExtensionOfficerDate": "13/01/2020"
        }
    ]
}