{
    "Table": [
      {
        "Sno": "1",
        "Indicator Title": "Number of performance review sessions conducted",
        "Quarter": "Q1",
        "Annual Target": "4",
        "Quarter Target": "1",
        "Responsible Person Email ": "amarsh@mpg.gov.za",
        "Actual Output": "1",
        "Challenges/Comments": "NONE",
        "Intervention": "NONE",
        "Approver 1 Email": "kmdluli@mpg.gov.za",
        "Approver 1 Remarks": "Approved as correct ",
        "Approver 2 Email": "bmaforah@mpg.gov.za",
        "Approver 2 Remarks": "Approved"
      }
    ]
  }